epoch,train_loss,val_loss
1,0.011259,0.004606
2,0.003218,0.002559
3,0.001742,0.001693
4,0.001166,0.001084
5,0.00086,0.001097
6,0.000722,0.000908
7,0.000656,0.000918
8,0.000618,0.000876
9,0.000592,0.000971
10,0.00057,0.000816
11,0.00055,0.000765
12,0.000538,0.000796
13,0.000532,0.000789
14,0.000529,0.000704
15,0.000525,0.000698
16,0.000522,0.00065
17,0.000527,0.000873
18,0.000538,0.00063
19,0.000522,0.000742
20,0.000506,0.000636
21,0.00051,0.000691
22,0.000497,0.000651
23,0.000496,0.000684
24,0.000488,0.000624
25,0.000488,0.000624
26,0.000485,0.000753
27,0.000484,0.000566
28,0.000507,0.000822
29,0.000508,0.000581
30,0.000494,0.000741
31,0.000483,0.000644
32,0.000467,0.00067
33,0.000472,0.000635
34,0.000468,0.000737
35,0.000474,0.000662
36,0.000474,0.000713
37,0.000471,0.000641
38,0.000474,0.000613
39,0.000476,0.00068
40,0.000473,0.000909
41,0.0005,0.000574
42,0.000479,0.000698
43,0.000469,0.000762
44,0.00047,0.000637
45,0.000463,0.000611
46,0.000467,0.00072
47,0.000463,0.000602
48,0.000461,0.000655
49,0.000451,0.000648
50,0.000457,0.000698
51,0.000456,0.000564
52,0.000477,0.00069
53,0.000459,0.000619
54,0.000447,0.000883
55,0.000478,0.000668
56,0.000453,0.000596
57,0.000456,0.000818
