epoch,val_loss
1,0.147503
2,0.009968
3,0.003138
4,0.001244
5,0.000762
6,0.000552
7,0.000457
8,0.000383
9,0.000339
10,0.000292
11,0.000261
12,0.00025
13,0.000233
14,0.000206
15,0.000188
16,0.000175
17,0.000163
18,0.000151
19,0.000153
20,0.000139
21,0.000134
22,0.00012
23,0.000105
24,0.000103
25,0.000109
26,0.000101
27,9.7e-05
28,8.9e-05
29,8.8e-05
30,8.2e-05
31,7.9e-05
32,7.8e-05
33,6.9e-05
34,6.8e-05
35,8.7e-05
36,6.3e-05
37,6.5e-05
38,6.4e-05
39,6.6e-05
40,5.8e-05
41,5.9e-05
42,5.3e-05
43,5.1e-05
44,5.2e-05
45,7e-05
46,5.1e-05
47,5e-05
48,4.4e-05
49,5.6e-05
50,4.7e-05
51,4.5e-05
52,5.5e-05
53,4.4e-05
54,4.9e-05
55,5e-05
56,5.4e-05
57,3.7e-05
58,3.9e-05
